{
  "hash": "613e0d6d",
  "configHash": "650a8f23",
  "lockfileHash": "868f7ef0",
  "browserHash": "a3cdde6c",
  "optimized": {
    "@angular/common": {
      "src": "../../../../../node_modules/@angular/common/fesm2022/common.mjs",
      "file": "@angular_common.js",
      "fileHash": "f8461ce4",
      "needsInterop": false
    },
    "@angular/common/http": {
      "src": "../../../../../node_modules/@angular/common/fesm2022/http.mjs",
      "file": "@angular_common_http.js",
      "fileHash": "0a5dc301",
      "needsInterop": false
    },
    "@angular/core": {
      "src": "../../../../../node_modules/@angular/core/fesm2022/core.mjs",
      "file": "@angular_core.js",
      "fileHash": "e7d38bdb",
      "needsInterop": false
    },
    "@angular/forms": {
      "src": "../../../../../node_modules/@angular/forms/fesm2022/forms.mjs",
      "file": "@angular_forms.js",
      "fileHash": "beaf9101",
      "needsInterop": false
    },
    "@angular/platform-browser": {
      "src": "../../../../../node_modules/@angular/platform-browser/fesm2022/platform-browser.mjs",
      "file": "@angular_platform-browser.js",
      "fileHash": "10223038",
      "needsInterop": false
    },
    "@angular/platform-browser/animations": {
      "src": "../../../../../node_modules/@angular/platform-browser/fesm2022/animations.mjs",
      "file": "@angular_platform-browser_animations.js",
      "fileHash": "1f460d21",
      "needsInterop": false
    },
    "@angular/router": {
      "src": "../../../../../node_modules/@angular/router/fesm2022/router.mjs",
      "file": "@angular_router.js",
      "fileHash": "b7027639",
      "needsInterop": false
    },
    "primeng/api": {
      "src": "../../../../../node_modules/primeng/fesm2022/primeng-api.mjs",
      "file": "primeng_api.js",
      "fileHash": "b8a4fdda",
      "needsInterop": false
    },
    "primeng/badge": {
      "src": "../../../../../node_modules/primeng/fesm2022/primeng-badge.mjs",
      "file": "primeng_badge.js",
      "fileHash": "05c4ef5c",
      "needsInterop": false
    },
    "primeng/button": {
      "src": "../../../../../node_modules/primeng/fesm2022/primeng-button.mjs",
      "file": "primeng_button.js",
      "fileHash": "20e18290",
      "needsInterop": false
    },
    "primeng/card": {
      "src": "../../../../../node_modules/primeng/fesm2022/primeng-card.mjs",
      "file": "primeng_card.js",
      "fileHash": "7d50db7c",
      "needsInterop": false
    },
    "primeng/confirmdialog": {
      "src": "../../../../../node_modules/primeng/fesm2022/primeng-confirmdialog.mjs",
      "file": "primeng_confirmdialog.js",
      "fileHash": "c5fa0633",
      "needsInterop": false
    },
    "primeng/dialog": {
      "src": "../../../../../node_modules/primeng/fesm2022/primeng-dialog.mjs",
      "file": "primeng_dialog.js",
      "fileHash": "d0f75242",
      "needsInterop": false
    },
    "primeng/dropdown": {
      "src": "../../../../../node_modules/primeng/fesm2022/primeng-dropdown.mjs",
      "file": "primeng_dropdown.js",
      "fileHash": "2ec1d8ed",
      "needsInterop": false
    },
    "primeng/inputgroup": {
      "src": "../../../../../node_modules/primeng/fesm2022/primeng-inputgroup.mjs",
      "file": "primeng_inputgroup.js",
      "fileHash": "655ebf9e",
      "needsInterop": false
    },
    "primeng/inputgroupaddon": {
      "src": "../../../../../node_modules/primeng/fesm2022/primeng-inputgroupaddon.mjs",
      "file": "primeng_inputgroupaddon.js",
      "fileHash": "aa01a42b",
      "needsInterop": false
    },
    "primeng/inputswitch": {
      "src": "../../../../../node_modules/primeng/fesm2022/primeng-inputswitch.mjs",
      "file": "primeng_inputswitch.js",
      "fileHash": "bae3e133",
      "needsInterop": false
    },
    "primeng/keyfilter": {
      "src": "../../../../../node_modules/primeng/fesm2022/primeng-keyfilter.mjs",
      "file": "primeng_keyfilter.js",
      "fileHash": "f9fb4583",
      "needsInterop": false
    },
    "primeng/multiselect": {
      "src": "../../../../../node_modules/primeng/fesm2022/primeng-multiselect.mjs",
      "file": "primeng_multiselect.js",
      "fileHash": "cd35bd8a",
      "needsInterop": false
    },
    "primeng/overlaypanel": {
      "src": "../../../../../node_modules/primeng/fesm2022/primeng-overlaypanel.mjs",
      "file": "primeng_overlaypanel.js",
      "fileHash": "387a4140",
      "needsInterop": false
    },
    "primeng/table": {
      "src": "../../../../../node_modules/primeng/fesm2022/primeng-table.mjs",
      "file": "primeng_table.js",
      "fileHash": "d5647b16",
      "needsInterop": false
    },
    "primeng/toast": {
      "src": "../../../../../node_modules/primeng/fesm2022/primeng-toast.mjs",
      "file": "primeng_toast.js",
      "fileHash": "3a240ffb",
      "needsInterop": false
    },
    "primeng/tooltip": {
      "src": "../../../../../node_modules/primeng/fesm2022/primeng-tooltip.mjs",
      "file": "primeng_tooltip.js",
      "fileHash": "6abe6346",
      "needsInterop": false
    },
    "primeng/tree": {
      "src": "../../../../../node_modules/primeng/fesm2022/primeng-tree.mjs",
      "file": "primeng_tree.js",
      "fileHash": "b450a3ac",
      "needsInterop": false
    },
    "xlsx": {
      "src": "../../../../../node_modules/xlsx/xlsx.mjs",
      "file": "xlsx.js",
      "fileHash": "5d241f5a",
      "needsInterop": false
    },
    "ngx-uploader": {
      "src": "../../../../../node_modules/ngx-uploader/fesm2022/ngx-uploader.mjs",
      "file": "ngx-uploader.js",
      "fileHash": "40afdb38",
      "needsInterop": false
    }
  },
  "chunks": {
    "chunk-SQOMX3VE": {
      "file": "chunk-SQOMX3VE.js"
    },
    "chunk-WH7ODKWE": {
      "file": "chunk-WH7ODKWE.js"
    },
    "chunk-PJ3Q47JG": {
      "file": "chunk-PJ3Q47JG.js"
    },
    "chunk-OLOMSAE2": {
      "file": "chunk-OLOMSAE2.js"
    },
    "chunk-TO23K3CK": {
      "file": "chunk-TO23K3CK.js"
    },
    "chunk-Q3HL3ZGC": {
      "file": "chunk-Q3HL3ZGC.js"
    },
    "chunk-VISY2XMK": {
      "file": "chunk-VISY2XMK.js"
    },
    "chunk-2FHWTDP2": {
      "file": "chunk-2FHWTDP2.js"
    },
    "chunk-IIOT26AN": {
      "file": "chunk-IIOT26AN.js"
    },
    "chunk-63NGLDAQ": {
      "file": "chunk-63NGLDAQ.js"
    },
    "chunk-FHERTRZY": {
      "file": "chunk-FHERTRZY.js"
    },
    "chunk-NWCSYB27": {
      "file": "chunk-NWCSYB27.js"
    },
    "chunk-VSM7SBGT": {
      "file": "chunk-VSM7SBGT.js"
    },
    "chunk-VYVGSDFG": {
      "file": "chunk-VYVGSDFG.js"
    },
    "chunk-TIXBS7O6": {
      "file": "chunk-TIXBS7O6.js"
    },
    "chunk-EK2YCWCT": {
      "file": "chunk-EK2YCWCT.js"
    },
    "chunk-AIUHVA56": {
      "file": "chunk-AIUHVA56.js"
    },
    "chunk-MJOIYPDU": {
      "file": "chunk-MJOIYPDU.js"
    },
    "chunk-5RIGW3RL": {
      "file": "chunk-5RIGW3RL.js"
    },
    "chunk-J4B6MK7R": {
      "file": "chunk-J4B6MK7R.js"
    }
  }
}